id,first_name,last_name,email,phone,street,city,state,zipcode
1,Peter,Kochlin,pkochlin0@dailymotion.com,+1-601-375-6158,8443 Toban Lane,Meridian,MS,39305
2,Zebedee,Maidlow,zmaidlow1@nsw.gov.au,+1-203-564-3279,1 Ruskin Plaza,New Haven,CT,06510
3,Venita,Cobbing,vcobbing2@dailymail.co.uk,+1-757-739-8320,9761 Truax Avenue,Newport News,VA,23605
4,Kirbee,Garrie,kgarrie3@smh.com.au,+1-786-852-9158,29971 Delladonna Crossing,Miami,FL,33153
5,Wesley,Purrington,wpurrington4@discuz.net,+1-508-348-3899,90848 Schmedeman Avenue,Boston,MA,02119
6,Walliw,Hambelton,whambelton5@house.gov,+1-862-443-8545,1 Lunder Way,Newark,NJ,07188
7,Myrtice,Sang,msang6@wikimedia.org,+1-205-780-6477,75 Katie Court,Birmingham,AL,35279
8,Rab,Kall,rkall7@eventbrite.com,+1-763-569-1669,752 Cody Lane,Monticello,MN,55585
9,Lotte,Valerius,lvalerius8@slideshare.net,+1-518-945-5496,5271 Homewood Way,Albany,NY,12210
10,Lammond,Knapper,lknapper9@imageshack.us,+1-619-250-4480,66710 Caliangt Terrace,San Diego,CA,92145
11,Gallagher,Matuszyk,gmatuszyka@infoseek.co.jp,+1-650-392-1532,862 Northview Hill,Mountain View,CA,94042
12,Di,Townsend,dtownsendb@squarespace.com,+1-678-416-0202,7974 Granby Alley,Atlanta,GA,30306
13,Layne,Gerasch,lgeraschc@networkadvertising.org,+1-401-787-1791,79358 Atwood Road,Providence,RI,02912
14,Alexi,Gossart,agossartd@independent.co.uk,+1--680-4662,1275 New Castle Park,Pittsburgh,PA,15266
15,Lurline,Tythe,ltythee@icio.us,+1-404-687-8108,313 Del Sol Crossing,Alpharetta,GA,30022
16,Ginevra,Baudoux,gbaudouxf@epa.gov,+1--918-8415,54 Milwaukee Park,Pittsburgh,PA,15266
17,Raynell,Cockroft,rcockroftg@t-online.de,+1-860-299-1723,910 Magdeline Court,Hartford,CT,06160
18,Aeriela,Alelsandrowicz,aalelsandrowiczh@123-reg.co.uk,+1-901-992-3690,94 Pennsylvania Circle,Memphis,TN,38181
19,Davey,De Ruel,dderueli@smugmug.com,+1-915-365-7434,52157 Jenifer Place,El Paso,TX,79955
20,Prentiss,Lanfer,planferj@wufoo.com,+1-406-176-5443,6037 Bayside Avenue,Bozeman,MT,59771
21,Corliss,Klimashevich,cklimashevichk@bloomberg.com,+1-213-704-6037,88252 Main Center,Los Angeles,CA,90065
22,Megen,Thornally,mthornallyl@constantcontact.com,+1-202-179-7063,9902 Northland Road,Washington,DC,20535
23,Wood,Hallwell,whallwellm@google.de,+1-651-913-0356,50782 Summerview Point,Saint Paul,MN,55172
24,Edgard,Coots,ecootsn@about.com,+1-530-808-6519,28 Becker Hill,South Lake Tahoe,CA,96154
25,Winny,Harker,wharkero@ft.com,+1-480-396-5876,1 Corben Road,Phoenix,AZ,85025
26,Page,Drysdell,pdrysdellp@myspace.com,+1-508-755-5043,49818 Transport Hill,Cambridge,MA,02142
27,Tab,Walaron,twalaronq@bigcartel.com,+1-301-499-1010,898 Hansons Pass,Bethesda,MD,20892
28,Muire,Gamlin,mgamlinr@geocities.com,+1-907-978-6041,8982 Elka Street,Anchorage,AK,99517
29,Tamra,Brownsea,tbrownseas@cnet.com,+1-813-122-7207,97 Grim Plaza,Zephyrhills,FL,33543
30,Waldo,Baldree,wbaldreet@bigcartel.com,+1-704-566-1743,19 Darwin Alley,Charlotte,NC,28230
31,Jermaine,Fyfield,jfyfieldu@linkedin.com,+1-432-627-2246,167 Fisk Avenue,Odessa,TX,79769
32,Brennen,Skoate,bskoatev@auda.org.au,+1-812-272-7891,921 Village Point,Jeffersonville,IN,47134
33,Liva,Lapides,llapidesw@example.com,+1-321-506-1008,56118 Sheridan Place,Melbourne,FL,32919
34,Percy,Shord,pshordx@booking.com,+1-502-598-2128,82326 Claremont Alley,Louisville,KY,40205
35,Viole,Stollhofer,vstollhofery@tuttocitta.it,+1-901-242-2837,95 Sachtjen Crossing,Memphis,TN,38131
36,Brina,Tilmouth,btilmouthz@fc2.com,+1--594-8244,4 Sage Lane,Pittsburgh,PA,15266
37,Lurlene,Drejer,ldrejer10@typepad.com,+1-253-411-5751,0 Redwing Park,Tacoma,WA,98442
38,Konstantine,Brislan,kbrislan11@unc.edu,+1-510-385-1481,9783 Blaine Road,Oakland,CA,94611
39,Marinna,Howsam,mhowsam12@va.gov,+1-571-858-0329,73432 Menomonie Crossing,Arlington,VA,22234
40,George,Heathcott,gheathcott13@yelp.com,+1-918-164-8118,655 Badeau Road,Tulsa,OK,74141
41,Selig,Castangia,scastangia14@hhs.gov,+1-414-809-8586,5 Del Mar Road,Milwaukee,WI,53263
42,Ursulina,Sendley,usendley15@xinhuanet.com,+1-806-217-4866,09 Rutledge Hill,Amarillo,TX,79105
43,Mead,Adao,madao16@miibeian.gov.cn,+1-202-686-7893,19818 Elka Crossing,Washington,DC,20370
44,Nataniel,Siman,nsiman17@sogou.com,+1-415-380-9414,4770 Moulton Park,San Rafael,CA,94913
45,Wang,Nunes Nabarro,wnunesnabarro18@shop-pro.jp,+1-801-891-9966,10306 Anthes Crossing,Salt Lake City,UT,84110
46,Raffarty,McRonald,rmcronald19@github.com,+1-772-180-0080,281 Corry Street,Fort Pierce,FL,34949
47,Tilda,Mandre,tmandre1a@economist.com,+1-830-287-8279,003 Manley Drive,San Antonio,TX,78230
48,Marquita,Markson,mmarkson1b@1688.com,+1-414-374-7036,225 Hayes Park,Milwaukee,WI,53215
49,Adelle,Imms,aimms1c@is.gd,+1-770-465-3242,31608 Waubesa Trail,Atlanta,GA,30323
50,Shanna,Dugdale,sdugdale1d@cyberchimps.com,+1-216-364-9712,1 Muir Pass,Cleveland,OH,44111
51,Sybil,Sterndale,ssterndale1e@youku.com,+1-508-948-1064,0488 Ilene Lane,Newton,MA,02162
52,Scarlett,McVeagh,smcveagh1f@berkeley.edu,+1-217-912-9731,441 Weeping Birch Drive,Champaign,IL,61825
53,Thomas,Sabates,tsabates1g@sina.com.cn,+1-806-946-6823,135 Mallard Lane,Amarillo,TX,79118
54,Eleanora,Wetherill,ewetherill1h@myspace.com,+1-816-801-2387,0 La Follette Road,Saint Joseph,MO,64504
55,Tamma,Abbis,tabbis1i@multiply.com,+1-303-527-8714,38 Sutteridge Park,Denver,CO,80235
56,Morgana,Fradson,mfradson1j@umich.edu,+1-406-213-2024,222 Sutteridge Center,Billings,MT,59105
57,Kayley,Giottoi,kgiottoi1k@apache.org,+1-408-449-2388,327 Glendale Terrace,San Jose,CA,95173
58,Brnaba,Colwell,bcolwell1l@tamu.edu,+1-770-841-8438,5009 Haas Plaza,Marietta,GA,30061
59,Gherardo,Farquarson,gfarquarson1m@goo.gl,+1-305-217-7651,5171 Glendale Way,Miami,FL,33158
60,Lois,Rossin,lrossin1n@berkeley.edu,+1-205-194-1687,61383 Valley Edge Junction,Birmingham,AL,35236
61,Jennine,Sellman,jsellman1o@arstechnica.com,+1-918-328-5354,127 Pepper Wood Lane,Tulsa,OK,74108
62,Cariotta,Macilhench,cmacilhench1p@biglobe.ne.jp,+1-937-528-2778,5833 Golf Course Plaza,Dayton,OH,45432
63,Lyndy,Fullbrook,lfullbrook1q@umn.edu,+1-405-738-7871,68 Ryan Junction,Oklahoma City,OK,73109
64,Oralia,d' Eye,odeye1r@amazonaws.com,+1-915-247-4268,67 Springs Road,El Paso,TX,88535
65,Terese,Lamperd,tlamperd1s@qq.com,+1-702-209-5091,5 Cody Lane,Las Vegas,NV,89115
66,Binky,Eliyahu,beliyahu1t@apple.com,+1-770-536-0332,44 Hallows Parkway,Marietta,GA,30066
67,Olivia,Gansbuhler,ogansbuhler1u@adobe.com,+1-909-858-9383,88 Nevada Lane,San Bernardino,CA,92410
68,Susanetta,Drains,sdrains1v@independent.co.uk,+1-323-616-0688,976 Welch Crossing,Los Angeles,CA,90065
69,Nicoli,Rickardes,nrickardes1w@usgs.gov,+1-713-469-1929,46742 Brickson Park Road,Houston,TX,77276
70,Ferdinanda,Hame,fhame1x@virginia.edu,+1-513-132-0646,0 Clyde Gallagher Place,Cincinnati,OH,45271
71,Katharina,Ebben,kebben1y@newsvine.com,+1-209-358-2876,6 Bobwhite Drive,Stockton,CA,95205
72,Helge,Plumstead,hplumstead1z@instagram.com,+1-202-931-7836,8486 Porter Center,Washington,DC,20409
73,Hazlett,Muggleston,hmuggleston20@myspace.com,+1-571-501-2622,0 Messerschmidt Trail,Fairfax,VA,22036
74,Bent,Lindro,blindro21@wp.com,+1-617-586-4218,4126 Riverside Alley,Boston,MA,02109
75,Powell,Colbran,pcolbran22@netlog.com,+1-215-448-7108,72592 Grover Terrace,Philadelphia,PA,19125
76,Tuckie,Varey,tvarey23@amazon.co.uk,+1-952-225-9550,7 3rd Circle,Young America,MN,55551
77,Dun,Roft,droft24@hubpages.com,+1-713-408-4398,4 Prairie Rose Place,Houston,TX,77288
78,Fayth,Carme,fcarme25@washingtonpost.com,+1-907-749-9504,104 Crest Line Hill,Fairbanks,AK,99709
79,Edouard,McCart,emccart26@bloomberg.com,+1-678-975-5167,87 Eastwood Way,Decatur,GA,30089
80,Daveen,Sotheron,dsotheron27@tinyurl.com,+1-334-556-1306,4 Barby Trail,Montgomery,AL,36104
81,Yuri,Murrigan,ymurrigan28@bing.com,+1-253-899-2279,7 Arapahoe Point,Seattle,WA,98166
82,Conchita,Domoney,cdomoney29@samsung.com,+1-954-477-3306,2 Jackson Lane,Fort Lauderdale,FL,33325
83,Chelsae,Frier,cfrier2a@ca.gov,+1-520-832-5615,26 Kipling Junction,Tucson,AZ,85754
84,Vallie,Marusic,vmarusic2b@amazon.com,+1-202-139-8870,48376 Summer Ridge Drive,Washington,DC,20210
85,Lorain,Probetts,lprobetts2c@oakley.com,+1-619-599-9320,48158 Tennessee Avenue,San Diego,CA,92165
86,Shaylyn,Vigrass,svigrass2d@com.com,+1-404-982-0133,93569 Old Shore Plaza,Atlanta,GA,31136
87,Mercy,Cribbin,mcribbin2e@reuters.com,+1-918-411-2860,663 Erie Crossing,Tulsa,OK,74156
88,Bunni,Merryman,bmerryman2f@sciencedaily.com,+1-214-457-6686,4 Carioca Place,Dallas,TX,75221
89,Annadiana,Bouda,abouda2g@scribd.com,+1-810-338-8155,606 Southridge Pass,Flint,MI,48555
90,Cory,Prando,cprando2h@hubpages.com,+1-610-703-7033,616 Golf Course Trail,Bethlehem,PA,18018
91,My,Ramelot,mramelot2i@google.com,+1-505-186-0022,06603 Packers Point,Santa Fe,NM,87505
92,Briano,Godball,bgodball2j@thetimes.co.uk,+1-315-151-9933,1812 Duke Plaza,Utica,NY,13505
93,Laurent,Jeannon,ljeannon2k@hibu.com,+1-651-231-6290,28156 Manley Street,Saint Paul,MN,55172
94,Hiram,Hayter,hhayter2l@reddit.com,+1-847-745-1915,2 Red Cloud Road,Evanston,IL,60208
95,Bonnibelle,Ocheltree,bocheltree2m@ustream.tv,+1-319-786-8655,920 Crownhardt Junction,Iowa City,IA,52245
96,Chrissie,Piper,cpiper2n@shutterfly.com,+1-520-828-2276,9076 Rutledge Alley,Tucson,AZ,85732
97,Casandra,Sighart,csighart2o@goodreads.com,+1-816-621-1236,1 Service Pass,Kansas City,MO,64144
98,Dorelle,Telega,dtelega2p@pbs.org,+1-202-721-6024,2 Chinook Plaza,Washington,DC,20520
99,Marlene,Donhardt,mdonhardt2q@freewebs.com,+1-915-571-8084,765 Heffernan Point,El Paso,TX,88574
100,Jesselyn,Vasiliu,jvasiliu2r@myspace.com,+1-312-757-0030,52495 Holmberg Trail,Schaumburg,IL,60193
